Project Name,Package Name,Type Name,Method Name,LOC,CC,PC,Line no
temp,org.apache.shiro.config,IniTest,getMetaClass,3,1,0,15
temp,org.apache.shiro.config,IniTest,setMetaClass,2,1,1,16
temp,org.apache.shiro.config,IniTest,testNoSections,2,1,0,17
temp,org.apache.shiro.config,IniTest,testIsContinued,2,1,0,18
temp,org.apache.shiro.config,IniTest,testBackslash,2,1,0,19
temp,org.apache.shiro.config,IniTest,testSplitKeyValue,2,1,0,20
temp,org.apache.shiro.config,IniTest,testSplitKeyValueNoValue,2,1,0,21
temp,org.apache.shiro.config,IniTest,testOneSection,2,1,0,22
temp,org.apache.shiro.config,IniTest,testPutAll,2,1,0,23
temp,org.apache.shiro.config,IniTest,testMerge,2,1,0,24
temp,org.apache.shiro.config,IniTest,testCreateWithDefaults,2,1,0,25
temp,org.apache.shiro.config,IniSecurityManagerFactoryTest,getMetaClass,3,1,0,14
temp,org.apache.shiro.config,IniSecurityManagerFactoryTest,setMetaClass,2,1,1,15
temp,org.apache.shiro.config,IniSecurityManagerFactoryTest,testGetInstanceWithoutIni,2,1,0,16
temp,org.apache.shiro.config,IniSecurityManagerFactoryTest,testGetInstanceWithResourcePath,2,1,0,17
temp,org.apache.shiro.config,IniSecurityManagerFactoryTest,testGetInstanceWithEmptyIni,2,1,0,18
temp,org.apache.shiro.config,IniSecurityManagerFactoryTest,testGetInstanceWithSimpleIni,2,1,0,19
temp,org.apache.shiro.config,IniSecurityManagerFactoryTest,testGetInstanceWithConfiguredRealm,2,1,0,20
temp,org.apache.shiro.config,IniSecurityManagerFactoryTest,testGetInstanceWithAutomaticallyCreatedIniRealm,2,1,0,21
temp,org.apache.shiro.config,IniSecurityManagerFactoryTest,testImplicitIniRealmWithAdditionalRealmConfiguration,2,1,0,22
temp,org.apache.shiro.config,IniSecurityManagerFactoryTest,testImplicitIniRealmWithConfiguredPermissionResolver,2,1,0,23
temp,org.apache.shiro.config,IniSecurityManagerFactoryTest,testCacheManagerConfigOrderOfOperations,2,1,0,24
temp,org.apache.shiro.config,MockPermissionResolver,getMetaClass,3,1,0,13
temp,org.apache.shiro.config,MockPermissionResolver,setMetaClass,2,1,1,14
temp,org.apache.shiro.config,MockPermissionResolver,getInvoked,3,1,0,15
temp,org.apache.shiro.config,MockPermissionResolver,isInvoked,3,1,0,16
temp,org.apache.shiro.config,MockPermissionResolver,setInvoked,2,1,1,17
temp,org.apache.shiro.config,MockPermissionResolver,resolvePermission,3,1,1,18
temp,org.apache.shiro.config.ogdl,CommonsInterpolatorTest,getMetaClass,3,1,0,16
temp,org.apache.shiro.config.ogdl,CommonsInterpolatorTest,setMetaClass,2,1,1,17
temp,org.apache.shiro.config.ogdl,CommonsInterpolatorTest,testBasicOperation,2,1,0,18
temp,org.apache.shiro.config.ogdl,CompositeBean,CompositeBean,2,1,0,13
temp,org.apache.shiro.config.ogdl,CompositeBean,CompositeBean,2,1,1,15
temp,org.apache.shiro.config.ogdl,CompositeBean,getMetaClass,3,1,0,17
temp,org.apache.shiro.config.ogdl,CompositeBean,setMetaClass,2,1,1,18
temp,org.apache.shiro.config.ogdl,CompositeBean,getName,3,1,0,19
temp,org.apache.shiro.config.ogdl,CompositeBean,setName,2,1,1,20
temp,org.apache.shiro.config.ogdl,CompositeBean,getStringProp,3,1,0,21
temp,org.apache.shiro.config.ogdl,CompositeBean,setStringProp,2,1,1,22
temp,org.apache.shiro.config.ogdl,CompositeBean,getBooleanProp,3,1,0,23
temp,org.apache.shiro.config.ogdl,CompositeBean,isBooleanProp,3,1,0,24
temp,org.apache.shiro.config.ogdl,CompositeBean,setBooleanProp,2,1,1,25
temp,org.apache.shiro.config.ogdl,CompositeBean,getIntProp,3,1,0,26
temp,org.apache.shiro.config.ogdl,CompositeBean,setIntProp,2,1,1,27
temp,org.apache.shiro.config.ogdl,CompositeBean,getSimpleBean,3,1,0,28
temp,org.apache.shiro.config.ogdl,CompositeBean,setSimpleBean,2,1,1,29
temp,org.apache.shiro.config.ogdl,CompositeBean,getSimpleBeanSet,3,1,0,30
temp,org.apache.shiro.config.ogdl,CompositeBean,setSimpleBeanSet,2,1,1,31
temp,org.apache.shiro.config.ogdl,CompositeBean,getSimpleBeanList,3,1,0,32
temp,org.apache.shiro.config.ogdl,CompositeBean,setSimpleBeanList,2,1,1,33
temp,org.apache.shiro.config.ogdl,CompositeBean,getSimpleBeanCollection,3,1,0,34
temp,org.apache.shiro.config.ogdl,CompositeBean,setSimpleBeanCollection,2,1,1,35
temp,org.apache.shiro.config.ogdl,CompositeBean,getSimpleBeanMap,3,1,0,36
temp,org.apache.shiro.config.ogdl,CompositeBean,setSimpleBeanMap,2,1,1,37
temp,org.apache.shiro.config.ogdl,CompositeBean,getCompositeBeanMap,3,1,0,38
temp,org.apache.shiro.config.ogdl,CompositeBean,setCompositeBeanMap,2,1,1,39
temp,org.apache.shiro.config.ogdl,CompositeBean,getCompositeBeanArray,3,1,0,40
temp,org.apache.shiro.config.ogdl,CompositeBean,setCompositeBeanArray,2,1,1,41
temp,org.apache.shiro.config.ogdl,DefaultInterpolatorTest,getMetaClass,3,1,0,15
temp,org.apache.shiro.config.ogdl,DefaultInterpolatorTest,setMetaClass,2,1,1,16
temp,org.apache.shiro.config.ogdl,DefaultInterpolatorTest,testBasicOperation,2,1,0,17
temp,org.apache.shiro.config.ogdl,InitializableBean,InitializableBean,2,1,0,13
temp,org.apache.shiro.config.ogdl,InitializableBean,getMetaClass,3,1,0,15
temp,org.apache.shiro.config.ogdl,InitializableBean,setMetaClass,2,1,1,16
temp,org.apache.shiro.config.ogdl,InitializableBean,init,2,1,0,17
temp,org.apache.shiro.config.ogdl,InitializableBean,isInitialized,3,1,0,18
temp,org.apache.shiro.config.ogdl,RecordingBeanListener,getMetaClass,3,1,0,14
temp,org.apache.shiro.config.ogdl,RecordingBeanListener,setMetaClass,2,1,1,15
temp,org.apache.shiro.config.ogdl,RecordingBeanListener,onUnhandledBeanEvent,2,1,1,16
temp,org.apache.shiro.config.ogdl,RecordingBeanListener,onInstantiatedBeanEvent,2,1,1,17
temp,org.apache.shiro.config.ogdl,RecordingBeanListener,onConfiguredBeanEvent,2,1,1,18
temp,org.apache.shiro.config.ogdl,RecordingBeanListener,onInitializedBeanEvent,2,1,1,19
temp,org.apache.shiro.config.ogdl,RecordingBeanListener,onDestroyedBeanEvent,2,1,1,20
temp,org.apache.shiro.config.ogdl,RecordingBeanListener,getInstantiatedEvents,3,1,0,21
temp,org.apache.shiro.config.ogdl,RecordingBeanListener,getConfiguredEvents,3,1,0,22
temp,org.apache.shiro.config.ogdl,RecordingBeanListener,getInitializedEvents,3,1,0,23
temp,org.apache.shiro.config.ogdl,RecordingBeanListener,getDestroyedEvents,3,1,0,24
temp,org.apache.shiro.config.ogdl,RecordingBeanListener,getUnhandledEvents,3,1,0,25
temp,org.apache.shiro.config.ogdl,ReflectionBuilderTest,getMetaClass,3,1,0,15
temp,org.apache.shiro.config.ogdl,ReflectionBuilderTest,setMetaClass,2,1,1,16
temp,org.apache.shiro.config.ogdl,ReflectionBuilderTest,testStandardPropertyAssignment,2,1,0,17
temp,org.apache.shiro.config.ogdl,ReflectionBuilderTest,testMapEntryAssignment,2,1,0,18
temp,org.apache.shiro.config.ogdl,ReflectionBuilderTest,testArrayEntryAssignment,2,1,0,19
temp,org.apache.shiro.config.ogdl,ReflectionBuilderTest,testNestedPathAssignment,2,1,0,20
temp,org.apache.shiro.config.ogdl,ReflectionBuilderTest,testNestedMapAssignmentWithPeriodDelimitedKeys,2,1,0,21
temp,org.apache.shiro.config.ogdl,ReflectionBuilderTest,testSimpleConfig,2,1,0,22
temp,org.apache.shiro.config.ogdl,ReflectionBuilderTest,testWithConfiguredNullValue,2,1,0,23
temp,org.apache.shiro.config.ogdl,ReflectionBuilderTest,testWithConfiguredNullLiteralValue,2,1,0,24
temp,org.apache.shiro.config.ogdl,ReflectionBuilderTest,testWithConfiguredEmptyStringValue,2,1,0,25
temp,org.apache.shiro.config.ogdl,ReflectionBuilderTest,testWithConfiguredEmptyStringLiteralValue,2,1,0,26
temp,org.apache.shiro.config.ogdl,ReflectionBuilderTest,testSimpleConfigWithDollarSignStringValue,2,1,0,27
temp,org.apache.shiro.config.ogdl,ReflectionBuilderTest,testObjectReferenceConfig,2,1,0,28
temp,org.apache.shiro.config.ogdl,ReflectionBuilderTest,testObjectReferenceConfigWithTypeMismatch,2,1,0,29
temp,org.apache.shiro.config.ogdl,ReflectionBuilderTest,testObjectReferenceConfigWithInvalidReference,2,1,0,30
temp,org.apache.shiro.config.ogdl,ReflectionBuilderTest,testSetProperty,2,1,0,31
temp,org.apache.shiro.config.ogdl,ReflectionBuilderTest,testSetPropertyWithReferencedSet,2,1,0,32
temp,org.apache.shiro.config.ogdl,ReflectionBuilderTest,testListProperty,2,1,0,33
temp,org.apache.shiro.config.ogdl,ReflectionBuilderTest,testListPropertyWithReferencedList,2,1,0,34
temp,org.apache.shiro.config.ogdl,ReflectionBuilderTest,testCollectionProperty,2,1,0,35
temp,org.apache.shiro.config.ogdl,ReflectionBuilderTest,testCollectionPropertyWithReferencedCollection,2,1,0,36
temp,org.apache.shiro.config.ogdl,ReflectionBuilderTest,testByteArrayHexProperty,2,1,0,37
temp,org.apache.shiro.config.ogdl,ReflectionBuilderTest,testByteArrayBase64Property,2,1,0,38
temp,org.apache.shiro.config.ogdl,ReflectionBuilderTest,testMapProperty,2,1,0,39
temp,org.apache.shiro.config.ogdl,ReflectionBuilderTest,testMapPropertyWithReferencedMap,2,1,0,40
temp,org.apache.shiro.config.ogdl,ReflectionBuilderTest,testNestedListProperty,2,1,0,41
temp,org.apache.shiro.config.ogdl,ReflectionBuilderTest,testInitializable,2,1,0,42
temp,org.apache.shiro.config.ogdl,ReflectionBuilderTest,testFactoryInstantiation,2,1,0,43
temp,org.apache.shiro.config.ogdl,ReflectionBuilderTest,testBeanListeners,2,1,0,44
temp,org.apache.shiro.config.ogdl,ReflectionBuilderTest,testEnum,2,1,0,45
temp,org.apache.shiro.config.ogdl,ReflectionBuilderTest,testSimpleInterpolation,2,1,0,46
temp,org.apache.shiro.config.ogdl,ReflectionBuilderTest,testInterpolationForMapKeysAndLists,2,1,0,47
temp,org.apache.shiro.config.ogdl,ReflectionBuilderTest,testNotMultipleInitialization,2,1,0,48
temp,org.apache.shiro.config.ogdl,ReflectionBuilderTest,testNotMultipleInitializationWithNullFirst,2,1,0,49
temp,org.apache.shiro.config.ogdl,ReflectionBuilderTest,assertInstantiatedEvents,2,1,3,50
temp,org.apache.shiro.config.ogdl,ReflectionBuilderTest,assertConfiguredEvents,2,1,3,51
temp,org.apache.shiro.config.ogdl,ReflectionBuilderTest,assertInitializedEvents,2,1,3,52
temp,org.apache.shiro.config.ogdl,ReflectionBuilderTest,assertDestroyedEvents,2,1,3,53
temp,org.apache.shiro.config.ogdl,ReflectionBuilderTest,checkType,2,1,4,54
temp,org.apache.shiro.config.ogdl,SimpleBean,SimpleBean,2,1,0,13
temp,org.apache.shiro.config.ogdl,SimpleBean,SimpleBean,2,1,1,15
temp,org.apache.shiro.config.ogdl,SimpleBean,getMetaClass,3,1,0,17
temp,org.apache.shiro.config.ogdl,SimpleBean,setMetaClass,2,1,1,18
temp,org.apache.shiro.config.ogdl,SimpleBean,getName,3,1,0,19
temp,org.apache.shiro.config.ogdl,SimpleBean,setName,2,1,1,20
temp,org.apache.shiro.config.ogdl,SimpleBean,getStringProp,3,1,0,21
temp,org.apache.shiro.config.ogdl,SimpleBean,setStringProp,2,1,1,22
temp,org.apache.shiro.config.ogdl,SimpleBean,getIntProp,3,1,0,23
temp,org.apache.shiro.config.ogdl,SimpleBean,setIntProp,2,1,1,24
temp,org.apache.shiro.config.ogdl,SimpleBean,getByteArrayProp,3,1,0,25
temp,org.apache.shiro.config.ogdl,SimpleBean,setByteArrayProp,2,1,1,26
temp,org.apache.shiro.config.ogdl,SimpleBean,getSimpleBeans,3,1,0,27
temp,org.apache.shiro.config.ogdl,SimpleBean,setSimpleBeans,2,1,1,28
temp,org.apache.shiro.config.ogdl,SimpleBean,getStringList,3,1,0,29
temp,org.apache.shiro.config.ogdl,SimpleBean,setStringList,2,1,1,30
temp,org.apache.shiro.config.ogdl,SimpleBean,getMapProp,3,1,0,31
temp,org.apache.shiro.config.ogdl,SimpleBean,setMapProp,2,1,1,32
temp,org.apache.shiro.config.ogdl,SimpleBean,getSimpleEnum,3,1,0,33
temp,org.apache.shiro.config.ogdl,SimpleBean,setSimpleEnum,2,1,1,34
temp,org.apache.shiro.config.ogdl,SimpleBeanFactory,getMetaClass,3,1,0,13
temp,org.apache.shiro.config.ogdl,SimpleBeanFactory,setMetaClass,2,1,1,14
temp,org.apache.shiro.config.ogdl,SimpleBeanFactory,getFactoryInt,3,1,0,15
temp,org.apache.shiro.config.ogdl,SimpleBeanFactory,setFactoryInt,2,1,1,16
temp,org.apache.shiro.config.ogdl,SimpleBeanFactory,getFactoryString,3,1,0,17
temp,org.apache.shiro.config.ogdl,SimpleBeanFactory,setFactoryString,2,1,1,18
temp,org.apache.shiro.config.ogdl,SimpleBeanFactory,getInstance,3,1,0,19
temp,org.apache.shiro.config.ogdl.event,BeanEventTest,getMetaClass,3,1,0,15
temp,org.apache.shiro.config.ogdl.event,BeanEventTest,setMetaClass,2,1,1,16
temp,org.apache.shiro.config.ogdl.event,BeanEventTest,testDefault,2,1,0,17
temp,org.apache.shiro.config.ogdl.event,BeanEventTest,MyBeanEvent,3,1,3,22
temp,org.apache.shiro.config.ogdl.event,BeanEventTest,getMetaClass,3,1,0,26
temp,org.apache.shiro.config.ogdl.event,BeanEventTest,setMetaClass,2,1,1,27
temp,org.apache.shiro.config.ogdl.event,MyBeanEvent,MyBeanEvent,3,1,3,22
temp,org.apache.shiro.config.ogdl.event,MyBeanEvent,getMetaClass,3,1,0,26
temp,org.apache.shiro.config.ogdl.event,MyBeanEvent,setMetaClass,2,1,1,27
temp,org.apache.shiro.config.ogdl.event,LoggingBeanEventListenerTest,getMetaClass,3,1,0,13
temp,org.apache.shiro.config.ogdl.event,LoggingBeanEventListenerTest,setMetaClass,2,1,1,14
temp,org.apache.shiro.config.ogdl.event,LoggingBeanEventListenerTest,testMisnamedBeanEventClass,2,1,0,15
temp,org.apache.shiro.config.ogdl.event,LoggingBeanEventListenerTest,MisnamedBean,3,1,3,20
temp,org.apache.shiro.config.ogdl.event,LoggingBeanEventListenerTest,getMetaClass,3,1,0,24
temp,org.apache.shiro.config.ogdl.event,LoggingBeanEventListenerTest,setMetaClass,2,1,1,25
temp,org.apache.shiro.config.ogdl.event,MisnamedBean,MisnamedBean,3,1,3,20
temp,org.apache.shiro.config.ogdl.event,MisnamedBean,getMetaClass,3,1,0,24
temp,org.apache.shiro.config.ogdl.event,MisnamedBean,setMetaClass,2,1,1,25
temp,org.apache.shiro.authc.credential,DefaultPasswordServiceTest,getMetaClass,3,1,0,15
temp,org.apache.shiro.authc.credential,DefaultPasswordServiceTest,setMetaClass,2,1,1,16
temp,org.apache.shiro.authc.credential,DefaultPasswordServiceTest,testEncryptPasswordWithNullArgument,2,1,0,17
temp,org.apache.shiro.authc.credential,DefaultPasswordServiceTest,testHashPasswordWithNullArgument,2,1,0,18
temp,org.apache.shiro.authc.credential,DefaultPasswordServiceTest,testHashFormatWarned,2,1,0,19
temp,org.apache.shiro.authc.credential,DefaultPasswordServiceTest,testPasswordsMatchWithNullOrEmpty,2,1,0,20
temp,org.apache.shiro.authc.credential,DefaultPasswordServiceTest,testCustomHashFormatFactory,2,1,0,21
temp,org.apache.shiro.authc.credential,PasswordMatcherTest,getMetaClass,3,1,0,15
temp,org.apache.shiro.authc.credential,PasswordMatcherTest,setMetaClass,2,1,1,16
temp,org.apache.shiro.authc.credential,PasswordMatcherTest,testMissingPasswordService,2,1,0,17
temp,org.apache.shiro.authc.credential,PasswordMatcherTest,testStringPasswordComparison,2,1,0,18
temp,org.apache.shiro.authc.credential,PasswordMatcherTest,testHashComparisonWithoutHashedPasswordService,2,1,0,19
temp,org.apache.shiro.authc.credential,PasswordMatcherTest,testHashComparison,2,1,0,20
temp,org.apache.shiro.authc.credential,PasswordMatcherTest,testCharArrayComparison,2,1,0,21
temp,org.apache.shiro.authc.credential,PasswordMatcherTest,testUnexpectedSavedCredentialsType,2,1,0,22
temp,org.apache.shiro.authc.credential,PasswordMatcherTest,testBCryptPassword,2,1,0,23
temp,org.apache.shiro.authc.credential,PasswordMatcherTest,testArgon2Password,2,1,0,24
temp,org.apache.shiro.authc.pam,ModularRealmAuthenticatorTest,getMetaClass,3,1,0,16
temp,org.apache.shiro.authc.pam,ModularRealmAuthenticatorTest,setMetaClass,2,1,1,17
temp,org.apache.shiro.authc.pam,ModularRealmAuthenticatorTest,testNewInstance,2,1,0,18
temp,org.apache.shiro.authc.pam,ModularRealmAuthenticatorTest,testDoAuthenticateNoRealms,2,1,0,19
temp,org.apache.shiro.authc.pam,ModularRealmAuthenticatorTest,testSingleRealmAuthenticationSuccess,2,1,0,20
temp,org.apache.shiro.authc.pam,ModularRealmAuthenticatorTest,testSingleRealmAuthenticationWithUnsupportedToken,2,1,0,21
temp,org.apache.shiro.authc.pam,ModularRealmAuthenticatorTest,testSingleRealmAuthenticationWithNullAuthenticationInfo,2,1,0,22
temp,org.apache.shiro.authc.pam,ModularRealmAuthenticatorTest,testMultiRealmAuthenticationSuccess,2,1,0,23
temp,org.apache.shiro.authc.pam,ModularRealmAuthenticatorTest,testMultiRealmAuthenticationWithAuthenticationException,2,1,0,24
temp,org.apache.shiro.authc.pam,ModularRealmAuthenticatorTest,testOnLogout,2,1,0,25
temp,org.apache.shiro.lang.codec,H64Test,getMetaClass,3,1,0,14
temp,org.apache.shiro.lang.codec,H64Test,setMetaClass,2,1,1,15
temp,org.apache.shiro.lang.codec,H64Test,testDefault,2,1,0,16
temp,org.apache.shiro.mgt,DefaultSubjectDAOTest,getMetaClass,3,1,0,15
temp,org.apache.shiro.mgt,DefaultSubjectDAOTest,setMetaClass,2,1,1,16
temp,org.apache.shiro.mgt,DefaultSubjectDAOTest,testIsSessionStorageEnabledDefault,2,1,0,17
temp,org.apache.shiro.mgt,DefaultSubjectDAOTest,testIsSessionStorageEnabledDefaultSubject,2,1,0,18
temp,org.apache.shiro.mgt,DefaultSubjectDAOTest,testCustomSessionStorageEvaluator,2,1,0,19
temp,org.apache.shiro.mgt,DefaultSubjectDAOTest,testDeleteWithoutSession,2,1,0,20
temp,org.apache.shiro.mgt,DefaultSubjectDAOTest,testDeleteWithSession,2,1,0,21
temp,org.apache.shiro.mgt,DefaultSubjectDAOTest,testSaveWhenSessionStorageIsDisabled,2,1,0,22
temp,org.apache.shiro.mgt,DefaultSubjectDAOTest,testSaveWithoutSessionOrPrincipalsOrAuthentication,2,1,0,23
temp,org.apache.shiro.mgt,DefaultSubjectDAOTest,testMergePrincipalsWithDelegatingSubject,2,1,0,24
temp,org.apache.shiro.mgt,DefaultSubjectDAOTest,testMergePrincipalsWithSubjectPrincipalsButWithoutSession,2,1,0,25
temp,org.apache.shiro.mgt,DefaultSubjectDAOTest,testMergePrincipalsWithoutSubjectPrincipalsOrSessionPrincipals,2,1,0,26
temp,org.apache.shiro.mgt,DefaultSubjectDAOTest,testMergePrincipalsWithoutSubjectPrincipalsButWithSessionPrincipals,2,1,0,27
temp,org.apache.shiro.mgt,DefaultSubjectDAOTest,testMergePrincipalsWithSubjectPrincipalsButWithDifferentSessionPrincipals,2,1,0,28
temp,org.apache.shiro.mgt,DefaultSubjectDAOTest,testMergeAuthcWithSubjectAuthcButWithoutSession,2,1,0,29
temp,org.apache.shiro.mgt,DefaultSubjectDAOTest,testMergeAuthcWithoutSubjectAuthcOrSessionAuthc,2,1,0,30
temp,org.apache.shiro.mgt,DefaultSubjectDAOTest,testMergeAuthcWithoutSubjectAuthcButWithSessionAuthc,2,1,0,31
temp,org.apache.shiro.mgt,DefaultSubjectDAOTest,testMergeAuthcWithSubjectAuthcButWithoutSessionAuthc,2,1,0,32
temp,org.apache.shiro.mgt,DefaultSubjectDAOTest,testMergeAuthcWithSubjectAuthcButWithDifferentSessionAuthc,2,1,0,33
temp,org.apache.shiro.realm,AuthenticatingRealmIntegrationTest,getMetaClass,3,1,0,14
temp,org.apache.shiro.realm,AuthenticatingRealmIntegrationTest,setMetaClass,2,1,1,15
temp,org.apache.shiro.realm,AuthenticatingRealmIntegrationTest,testShiro354,2,1,0,16
temp,org.apache.shiro.realm,AuthenticatingRealmTest,getMetaClass,3,1,0,16
temp,org.apache.shiro.realm,AuthenticatingRealmTest,setMetaClass,2,1,1,17
temp,org.apache.shiro.realm,AuthenticatingRealmTest,testSetName,2,1,0,18
temp,org.apache.shiro.realm,AuthenticatingRealmTest,testSupports,2,1,0,19
temp,org.apache.shiro.realm,AuthenticatingRealmTest,testSupportsWithCustomAuthenticationTokenClass,2,1,0,20
temp,org.apache.shiro.realm,AuthenticatingRealmTest,testNewInstanceWithCacheManager,2,1,0,21
temp,org.apache.shiro.realm,AuthenticatingRealmTest,testNewInstanceWithCredentialsMatcher,2,1,0,22
temp,org.apache.shiro.realm,AuthenticatingRealmTest,testSetCache,2,1,0,23
temp,org.apache.shiro.realm,AuthenticatingRealmTest,testGetAuthenticationInfo,2,1,0,24
temp,org.apache.shiro.realm,AuthenticatingRealmTest,testGetAuthenticationInfoWithNullReturnValue,2,1,0,25
temp,org.apache.shiro.realm,AuthenticatingRealmTest,testAuthenticationCachingEnabledWithCacheMiss,2,1,0,26
temp,org.apache.shiro.realm,AuthenticatingRealmTest,testAuthenticationCachingEnabledWithCacheHit,2,1,0,27
temp,org.apache.shiro.realm,AuthenticatingRealmTest,testLogoutWithAuthenticationCachingEnabled,2,1,0,28
temp,org.apache.shiro.realm,AuthenticatingRealmTest,testAssertCredentialsMatchWithNullCredentialsMatcher,2,1,0,29
temp,org.apache.shiro.realm,AuthenticatingRealmTest,testAssertCredentialsMatchFailure,2,1,0,30
temp,org.apache.shiro.realm,AuthenticatingRealmTest,TestAuthenticatingRealm,3,1,0,35
temp,org.apache.shiro.realm,AuthenticatingRealmTest,TestAuthenticatingRealm,3,1,1,39
temp,org.apache.shiro.realm,AuthenticatingRealmTest,TestAuthenticatingRealm,3,1,1,43
temp,org.apache.shiro.realm,AuthenticatingRealmTest,TestAuthenticatingRealm,3,1,2,47
temp,org.apache.shiro.realm,AuthenticatingRealmTest,getMetaClass,3,1,0,51
temp,org.apache.shiro.realm,AuthenticatingRealmTest,setMetaClass,2,1,1,52
temp,org.apache.shiro.realm,AuthenticatingRealmTest,getInfo,3,1,0,53
temp,org.apache.shiro.realm,AuthenticatingRealmTest,setInfo,2,1,1,54
temp,org.apache.shiro.realm,AuthenticatingRealmTest,doGetAuthenticationInfo,3,1,1,55
temp,org.apache.shiro.realm,AuthenticatingRealmTest,getMetaClass,3,1,0,61
temp,org.apache.shiro.realm,AuthenticatingRealmTest,setMetaClass,2,1,1,62
temp,org.apache.shiro.realm,AuthenticatingRealmTest,doGetAuthenticationInfo,3,1,1,63
temp,org.apache.shiro.realm,TestAuthenticatingRealm,TestAuthenticatingRealm,3,1,0,35
temp,org.apache.shiro.realm,TestAuthenticatingRealm,TestAuthenticatingRealm,3,1,1,39
temp,org.apache.shiro.realm,TestAuthenticatingRealm,TestAuthenticatingRealm,3,1,1,43
temp,org.apache.shiro.realm,TestAuthenticatingRealm,TestAuthenticatingRealm,3,1,2,47
temp,org.apache.shiro.realm,TestAuthenticatingRealm,getMetaClass,3,1,0,51
temp,org.apache.shiro.realm,TestAuthenticatingRealm,setMetaClass,2,1,1,52
temp,org.apache.shiro.realm,TestAuthenticatingRealm,getInfo,3,1,0,53
temp,org.apache.shiro.realm,TestAuthenticatingRealm,setInfo,2,1,1,54
temp,org.apache.shiro.realm,TestAuthenticatingRealm,doGetAuthenticationInfo,3,1,1,55
temp,org.apache.shiro.realm,NoLookupAuthenticatingRealm,getMetaClass,3,1,0,61
temp,org.apache.shiro.realm,NoLookupAuthenticatingRealm,setMetaClass,2,1,1,62
temp,org.apache.shiro.realm,NoLookupAuthenticatingRealm,doGetAuthenticationInfo,3,1,1,63
temp,org.apache.shiro.realm,CachingRealmTest,getMetaClass,3,1,0,15
temp,org.apache.shiro.realm,CachingRealmTest,setMetaClass,2,1,1,16
temp,org.apache.shiro.realm,CachingRealmTest,testCachingEnabled,2,1,0,17
temp,org.apache.shiro.realm,CachingRealmTest,testSetName,2,1,0,18
temp,org.apache.shiro.realm,CachingRealmTest,testNewInstanceWithCacheManager,2,1,0,19
temp,org.apache.shiro.realm,CachingRealmTest,testOnLogout,2,1,0,20
temp,org.apache.shiro.realm,CachingRealmTest,testGetAvailablePrincipalWithRealmPrincipals,2,1,0,21
temp,org.apache.shiro.realm,CachingRealmTest,testGetAvailablePrincipalWithoutRealmPrincipals,2,1,0,22
temp,org.apache.shiro.realm,CachingRealmTest,getMetaClass,3,1,0,27
temp,org.apache.shiro.realm,CachingRealmTest,setMetaClass,2,1,1,28
temp,org.apache.shiro.realm,CachingRealmTest,getInfo,3,1,0,29
temp,org.apache.shiro.realm,CachingRealmTest,setInfo,2,1,1,30
temp,org.apache.shiro.realm,CachingRealmTest,getTemplateMethodCalled,3,1,0,31
temp,org.apache.shiro.realm,CachingRealmTest,isTemplateMethodCalled,3,1,0,32
temp,org.apache.shiro.realm,CachingRealmTest,setTemplateMethodCalled,2,1,1,33
temp,org.apache.shiro.realm,CachingRealmTest,getDoClearCacheCalled,3,1,0,34
temp,org.apache.shiro.realm,CachingRealmTest,isDoClearCacheCalled,3,1,0,35
temp,org.apache.shiro.realm,CachingRealmTest,setDoClearCacheCalled,2,1,1,36
temp,org.apache.shiro.realm,CachingRealmTest,supports,3,1,1,37
temp,org.apache.shiro.realm,CachingRealmTest,getAuthenticationInfo,3,1,1,38
temp,org.apache.shiro.realm,CachingRealmTest,afterCacheManagerSet,2,1,0,39
temp,org.apache.shiro.realm,CachingRealmTest,doClearCache,2,1,1,40
temp,org.apache.shiro.realm,TestCachingRealm,getMetaClass,3,1,0,27
temp,org.apache.shiro.realm,TestCachingRealm,setMetaClass,2,1,1,28
temp,org.apache.shiro.realm,TestCachingRealm,getInfo,3,1,0,29
temp,org.apache.shiro.realm,TestCachingRealm,setInfo,2,1,1,30
temp,org.apache.shiro.realm,TestCachingRealm,getTemplateMethodCalled,3,1,0,31
temp,org.apache.shiro.realm,TestCachingRealm,isTemplateMethodCalled,3,1,0,32
temp,org.apache.shiro.realm,TestCachingRealm,setTemplateMethodCalled,2,1,1,33
temp,org.apache.shiro.realm,TestCachingRealm,getDoClearCacheCalled,3,1,0,34
temp,org.apache.shiro.realm,TestCachingRealm,isDoClearCacheCalled,3,1,0,35
temp,org.apache.shiro.realm,TestCachingRealm,setDoClearCacheCalled,2,1,1,36
temp,org.apache.shiro.realm,TestCachingRealm,supports,3,1,1,37
temp,org.apache.shiro.realm,TestCachingRealm,getAuthenticationInfo,3,1,1,38
temp,org.apache.shiro.realm,TestCachingRealm,afterCacheManagerSet,2,1,0,39
temp,org.apache.shiro.realm,TestCachingRealm,doClearCache,2,1,1,40
temp,org.apache.shiro.realm,TestAuthenticatingRealm,getMetaClass,3,1,0,13
temp,org.apache.shiro.realm,TestAuthenticatingRealm,setMetaClass,2,1,1,14
temp,org.apache.shiro.realm,TestAuthenticatingRealm,getAuthenticationInfoCount,3,1,0,15
temp,org.apache.shiro.realm,TestAuthenticatingRealm,setAuthenticationInfoCount,2,1,1,16
temp,org.apache.shiro.realm,TestAuthenticatingRealm,doGetAuthenticationInfo,3,1,1,17
temp,org.apache.shiro.crypto.cipher,AesCipherServiceTest,AesCipherServiceTest,2,1,0,14
temp,org.apache.shiro.crypto.cipher,AesCipherServiceTest,getMetaClass,3,1,0,16
temp,org.apache.shiro.crypto.cipher,AesCipherServiceTest,setMetaClass,2,1,1,17
temp,org.apache.shiro.crypto.cipher,AesCipherServiceTest,testBlockOperations,2,1,0,18
temp,org.apache.shiro.crypto.cipher,AesCipherServiceTest,testBlockOperations_ByteSource,2,1,0,19
temp,org.apache.shiro.crypto.cipher,AesCipherServiceTest,testStreamingOperations,2,1,0,20
temp,org.apache.shiro.crypto.cipher,AesCipherServiceTest,testStreamingOperations_ByteSource,2,1,0,21
temp,org.apache.shiro.crypto.cipher,AesCipherServiceTest,testAesGcm,2,1,0,22
temp,org.apache.shiro.crypto.cipher,AesCipherServiceTest,testCcm,2,1,0,23
temp,org.apache.shiro.crypto.cipher,AesCipherServiceTest,testCfb,2,1,0,24
temp,org.apache.shiro.crypto.cipher,AesCipherServiceTest,testCtr,2,1,0,25
temp,org.apache.shiro.crypto.cipher,AesCipherServiceTest,testEax,2,1,0,26
temp,org.apache.shiro.crypto.cipher,AesCipherServiceTest,testEcb,2,1,0,27
temp,org.apache.shiro.crypto.cipher,AesCipherServiceTest,testNone,2,1,0,28
temp,org.apache.shiro.crypto.cipher,AesCipherServiceTest,testOcb,2,1,0,29
temp,org.apache.shiro.crypto.cipher,AesCipherServiceTest,testOfb,2,1,0,30
temp,org.apache.shiro.crypto.cipher,AesCipherServiceTest,testPcbc,2,1,0,31
temp,org.apache.shiro.crypto.cipher,BlowfishCipherServiceTest,getMetaClass,3,1,0,14
temp,org.apache.shiro.crypto.cipher,BlowfishCipherServiceTest,setMetaClass,2,1,1,15
temp,org.apache.shiro.crypto.cipher,BlowfishCipherServiceTest,testBlockOperations,2,1,0,16
temp,org.apache.shiro.crypto.cipher,BlowfishCipherServiceTest,testStreamingOperations,2,1,0,17
temp,org.apache.shiro.crypto.cipher,JcaCipherServiceTest,getMetaClass,3,1,0,14
temp,org.apache.shiro.crypto.cipher,JcaCipherServiceTest,setMetaClass,2,1,1,15
temp,org.apache.shiro.crypto.cipher,JcaCipherServiceTest,testDecrypt,2,1,0,16
temp,org.apache.shiro.crypto,SecureRandomNumberGeneratorTest,getMetaClass,3,1,0,14
temp,org.apache.shiro.crypto,SecureRandomNumberGeneratorTest,setMetaClass,2,1,1,15
temp,org.apache.shiro.crypto,SecureRandomNumberGeneratorTest,testDefaultNextBytesSize,2,1,0,16
temp,org.apache.shiro.crypto,SecureRandomNumberGeneratorTest,testInvalidSecureRandomProperty,2,1,0,17
temp,org.apache.shiro.crypto,SecureRandomNumberGeneratorTest,testNextBytesWithSize,2,1,0,18
temp,org.apache.shiro.crypto.hash,DefaultHashServiceTest,getMetaClass,3,1,0,14
temp,org.apache.shiro.crypto.hash,DefaultHashServiceTest,setMetaClass,2,1,1,15
temp,org.apache.shiro.crypto.hash,DefaultHashServiceTest,testNullRequest,2,1,0,16
temp,org.apache.shiro.crypto.hash,DefaultHashServiceTest,testDifferentAlgorithmName,2,1,0,17
temp,org.apache.shiro.crypto.hash,DefaultHashServiceTest,testRequestWithEmptySource,2,1,0,18
temp,org.apache.shiro.crypto.hash,DefaultHashServiceTest,testOnlyRandomSaltHash,2,1,0,19
temp,org.apache.shiro.crypto.hash,DefaultHashServiceTest,testBothSaltsRandomness,2,1,0,20
temp,org.apache.shiro.crypto.hash,DefaultHashServiceTest,testBothSaltsReturn,2,1,0,21
temp,org.apache.shiro.crypto.hash,DefaultHashServiceTest,testBothSaltsHash,2,1,0,22
temp,org.apache.shiro.crypto.hash,DefaultHashServiceTest,hash,3,1,2,23
temp,org.apache.shiro.crypto.hash,DefaultHashServiceTest,hash,3,1,3,24
temp,org.apache.shiro.crypto.hash,HashRequestBuilderTest,getMetaClass,3,1,0,14
temp,org.apache.shiro.crypto.hash,HashRequestBuilderTest,setMetaClass,2,1,1,15
temp,org.apache.shiro.crypto.hash,HashRequestBuilderTest,testNullSource,2,1,0,16
temp,org.apache.shiro.crypto.hash,HashRequestBuilderTest,testConfig,2,1,0,17
temp,org.apache.shiro.crypto.hash.format,Base64FormatTest,getMetaClass,3,1,0,15
temp,org.apache.shiro.crypto.hash.format,Base64FormatTest,setMetaClass,2,1,1,16
temp,org.apache.shiro.crypto.hash.format,Base64FormatTest,testFormat,2,1,0,17
temp,org.apache.shiro.crypto.hash.format,Base64FormatTest,testFormatWithNullArgument,2,1,0,18
temp,org.apache.shiro.crypto.hash.format,DefaultHashFormatFactoryTest,getMetaClass,3,1,0,14
temp,org.apache.shiro.crypto.hash.format,DefaultHashFormatFactoryTest,setMetaClass,2,1,1,15
temp,org.apache.shiro.crypto.hash.format,DefaultHashFormatFactoryTest,testDefaultInstance,2,1,0,16
temp,org.apache.shiro.crypto.hash.format,DefaultHashFormatFactoryTest,testNullArg,2,1,0,17
temp,org.apache.shiro.crypto.hash.format,DefaultHashFormatFactoryTest,testNotFound,2,1,0,18
temp,org.apache.shiro.crypto.hash.format,DefaultHashFormatFactoryTest,testSetFormatClassNames,2,1,0,19
temp,org.apache.shiro.crypto.hash.format,DefaultHashFormatFactoryTest,testGetInstanceWithConfiguredFormatClassName,2,1,0,20
temp,org.apache.shiro.crypto.hash.format,DefaultHashFormatFactoryTest,testGetInstanceWithMcfFormattedString,2,1,0,21
temp,org.apache.shiro.crypto.hash.format,DefaultHashFormatFactoryTest,testAbsentFQCN,2,1,0,22
temp,org.apache.shiro.crypto.hash.format,DefaultHashFormatFactoryTest,testPresentFQCN,2,1,0,23
temp,org.apache.shiro.crypto.hash.format,DefaultHashFormatFactoryTest,testMcfFormattedArgument,2,1,0,24
temp,org.apache.shiro.crypto.hash.format,DefaultHashFormatFactoryTest,testSearchPackages,2,1,0,25
temp,org.apache.shiro.crypto.hash.format,DefaultHashFormatFactoryTest,testSearchPackagesWithoutMatch,2,1,0,26
temp,org.apache.shiro.crypto.hash.format,DefaultHashFormatFactoryTest,testWithInvalidHashFormatImplementation,2,1,0,27
temp,org.apache.shiro.crypto.hash.format,HexFormatTest,getMetaClass,3,1,0,15
temp,org.apache.shiro.crypto.hash.format,HexFormatTest,setMetaClass,2,1,1,16
temp,org.apache.shiro.crypto.hash.format,HexFormatTest,testFormat,2,1,0,17
temp,org.apache.shiro.crypto.hash.format,HexFormatTest,testFormatWithNullArgument,2,1,0,18
temp,org.apache.shiro.crypto.hash.format,ProvidedHashFormatTest,getMetaClass,3,1,0,14
temp,org.apache.shiro.crypto.hash.format,ProvidedHashFormatTest,setMetaClass,2,1,1,15
temp,org.apache.shiro.crypto.hash.format,ProvidedHashFormatTest,testDefaults,2,1,0,16
temp,org.apache.shiro.crypto.hash.format,ProvidedHashFormatTest,testByIdWithNullArg,2,1,0,17
temp,org.apache.shiro.crypto.hash.format,Shiro1CryptFormatTest,getMetaClass,3,1,0,14
temp,org.apache.shiro.crypto.hash.format,Shiro1CryptFormatTest,setMetaClass,2,1,1,15
temp,org.apache.shiro.crypto.hash.format,Shiro1CryptFormatTest,testGetId,2,1,0,16
temp,org.apache.shiro.crypto.hash.format,Shiro1CryptFormatTest,testFormatDefault,2,1,0,17
temp,org.apache.shiro.crypto.hash.format,Shiro1CryptFormatTest,testFormatWithoutSalt,2,1,0,18
temp,org.apache.shiro.crypto.hash.format,Shiro1CryptFormatTest,testFormatWithNullArgument,2,1,0,19
temp,org.apache.shiro.crypto.hash.format,Shiro1CryptFormatTest,testParseDefault,2,1,0,20
temp,org.apache.shiro.crypto.hash.format,Shiro1CryptFormatTest,testParseWithoutSalt,2,1,0,21
temp,org.apache.shiro.crypto.hash.format,Shiro1CryptFormatTest,testParseWithNullArgument,2,1,0,22
temp,org.apache.shiro.crypto.hash.format,Shiro1CryptFormatTest,testParseWithInvalidId,2,1,0,23
temp,org.apache.shiro.crypto.hash.format,Shiro1CryptFormatTest,testParseWithNonNumericIterations,2,1,0,24
temp,org.apache.shiro.crypto.hash.format,ToStringHashFormat,getMetaClass,3,1,0,13
temp,org.apache.shiro.crypto.hash.format,ToStringHashFormat,setMetaClass,2,1,1,14
temp,org.apache.shiro.crypto.hash.format,ToStringHashFormat,format,3,1,1,15
temp,org.apache.shiro.crypto.support.hashes.argon2,Argon2HashTest,getMetaClass,3,1,0,14
temp,org.apache.shiro.crypto.support.hashes.argon2,Argon2HashTest,setMetaClass,2,1,1,15
temp,org.apache.shiro.crypto.support.hashes.argon2,Argon2HashTest,testArgon2Hash,2,1,0,16
temp,org.apache.shiro.crypto.support.hashes.argon2,Argon2HashTest,testArgon2HashShiro1Format,2,1,0,17
temp,org.apache.shiro.crypto.support.hashes.argon2,Argon2HashTest,testFromStringMatchesPw,2,1,0,18
temp,org.apache.shiro.crypto.support.hashes.bcrypt,BCryptHashTest,getMetaClass,3,1,0,16
temp,org.apache.shiro.crypto.support.hashes.bcrypt,BCryptHashTest,setMetaClass,2,1,1,17
temp,org.apache.shiro.crypto.support.hashes.bcrypt,BCryptHashTest,testCreateHashGenerateSaltIterations,2,1,0,18
temp,org.apache.shiro.crypto.support.hashes.bcrypt,BCryptHashTest,testCreateHashGivenSalt,2,1,0,19
temp,org.apache.shiro.crypto.support.hashes.bcrypt,BCryptHashTest,toBase64EqualsInput,2,1,0,20
temp,org.apache.shiro.crypto.support.hashes.bcrypt,BCryptHashTest,testMatchesPassword,2,1,0,21
temp,org.apache.shiro.event,EventTest,getMetaClass,3,1,0,15
temp,org.apache.shiro.event,EventTest,setMetaClass,2,1,1,16
temp,org.apache.shiro.event,EventTest,testDefault,2,1,0,17
temp,org.apache.shiro.event,EventTest,DummyEvent,3,1,1,22
temp,org.apache.shiro.event,EventTest,getMetaClass,3,1,0,26
temp,org.apache.shiro.event,EventTest,setMetaClass,2,1,1,27
temp,org.apache.shiro.event,DummyEvent,DummyEvent,3,1,1,22
temp,org.apache.shiro.event,DummyEvent,getMetaClass,3,1,0,26
temp,org.apache.shiro.event,DummyEvent,setMetaClass,2,1,1,27
temp,org.apache.shiro.event.support,AnnotationEventListenerResolverTest,getMetaClass,3,1,0,14
temp,org.apache.shiro.event.support,AnnotationEventListenerResolverTest,setMetaClass,2,1,1,15
temp,org.apache.shiro.event.support,AnnotationEventListenerResolverTest,testSetGetAnnotationClass,2,1,0,16
temp,org.apache.shiro.event.support,AnnotationEventListenerResolverTest,testNullInstanceArgument,2,1,0,17
temp,org.apache.shiro.event.support,AnnotationEventListenerResolverTest,testNoAnnotationsArgument,2,1,0,18
temp,org.apache.shiro.event.support,BarEvent,BarEvent,3,1,1,13
temp,org.apache.shiro.event.support,BarEvent,getMetaClass,3,1,0,17
temp,org.apache.shiro.event.support,BarEvent,setMetaClass,2,1,1,18
temp,org.apache.shiro.event.support,BazEvent,BazEvent,3,1,1,12
temp,org.apache.shiro.event.support,BazEvent,getMetaClass,3,1,0,16
temp,org.apache.shiro.event.support,BazEvent,setMetaClass,2,1,1,17
temp,org.apache.shiro.event.support,DefaultEventBusTest,getMetaClass,3,1,0,15
temp,org.apache.shiro.event.support,DefaultEventBusTest,setMetaClass,2,1,1,16
temp,org.apache.shiro.event.support,DefaultEventBusTest,getBus,3,1,0,17
temp,org.apache.shiro.event.support,DefaultEventBusTest,setBus,2,1,1,18
temp,org.apache.shiro.event.support,DefaultEventBusTest,setUp,2,1,0,19
temp,org.apache.shiro.event.support,DefaultEventBusTest,testSetEventListenerResolver,2,1,0,20
temp,org.apache.shiro.event.support,DefaultEventBusTest,testSimpleSubscribe,2,1,0,21
temp,org.apache.shiro.event.support,DefaultEventBusTest,testPublishNullEvent,2,1,0,22
temp,org.apache.shiro.event.support,DefaultEventBusTest,testSubscribeNullInstance,2,1,0,23
temp,org.apache.shiro.event.support,DefaultEventBusTest,testSubscribeWithNullResolvedListeners,2,1,0,24
temp,org.apache.shiro.event.support,DefaultEventBusTest,testSubscribeWithoutAnnotations,2,1,0,25
temp,org.apache.shiro.event.support,DefaultEventBusTest,testUnsubscribeNullInstance,2,1,0,26
temp,org.apache.shiro.event.support,DefaultEventBusTest,testUnsubscribe,2,1,0,27
temp,org.apache.shiro.event.support,DefaultEventBusTest,testPolymorphicSubscribeMethodsOnlyOneInvoked,2,1,0,28
temp,org.apache.shiro.event.support,DefaultEventBusTest,testPolymorphicSubscribeMethodsOnlyOneInvokedWithListenerSubclass,2,1,0,29
temp,org.apache.shiro.event.support,DefaultEventBusTest,testSubscribeWithErroneousAnnotation,2,1,0,30
temp,org.apache.shiro.event.support,DefaultEventBusTest,testContinueThroughListenerExceptions,2,1,0,31
temp,org.apache.shiro.event.support,ErroneouslyAnnotatedSubscriber,getMetaClass,3,1,0,13
temp,org.apache.shiro.event.support,ErroneouslyAnnotatedSubscriber,setMetaClass,2,1,1,14
temp,org.apache.shiro.event.support,ErroneouslyAnnotatedSubscriber,onEvent,2,1,2,15
temp,org.apache.shiro.event.support,ErrorCausingEvent,getMetaClass,3,1,0,13
temp,org.apache.shiro.event.support,ErrorCausingEvent,setMetaClass,2,1,1,14
temp,org.apache.shiro.event.support,EventClassComparatorTest,getMetaClass,3,1,0,14
temp,org.apache.shiro.event.support,EventClassComparatorTest,setMetaClass,2,1,1,15
temp,org.apache.shiro.event.support,EventClassComparatorTest,getComparator,3,1,0,16
temp,org.apache.shiro.event.support,EventClassComparatorTest,setComparator,2,1,1,17
temp,org.apache.shiro.event.support,EventClassComparatorTest,setUp,2,1,0,18
temp,org.apache.shiro.event.support,EventClassComparatorTest,testANull,2,1,0,19
temp,org.apache.shiro.event.support,EventClassComparatorTest,testBNull,2,1,0,20
temp,org.apache.shiro.event.support,EventClassComparatorTest,testBothNull,2,1,0,21
temp,org.apache.shiro.event.support,EventClassComparatorTest,testBothSame,2,1,0,22
temp,org.apache.shiro.event.support,EventClassComparatorTest,testAParentOfB,2,1,0,23
temp,org.apache.shiro.event.support,EventClassComparatorTest,testBParentOfA,2,1,0,24
temp,org.apache.shiro.event.support,EventClassComparatorTest,testUnrelated,2,1,0,25
temp,org.apache.shiro.event.support,EventListenerComparatorTest,getMetaClass,3,1,0,15
temp,org.apache.shiro.event.support,EventListenerComparatorTest,setMetaClass,2,1,1,16
temp,org.apache.shiro.event.support,EventListenerComparatorTest,getComparator,3,1,0,17
temp,org.apache.shiro.event.support,EventListenerComparatorTest,setComparator,2,1,1,18
temp,org.apache.shiro.event.support,EventListenerComparatorTest,setUp,2,1,0,19
temp,org.apache.shiro.event.support,EventListenerComparatorTest,testANull,2,1,0,20
temp,org.apache.shiro.event.support,EventListenerComparatorTest,testBNull,2,1,0,21
temp,org.apache.shiro.event.support,EventListenerComparatorTest,testBothNull,2,1,0,22
temp,org.apache.shiro.event.support,EventListenerComparatorTest,testBothSame,2,1,0,23
temp,org.apache.shiro.event.support,EventListenerComparatorTest,testBothEventListener,2,1,0,24
temp,org.apache.shiro.event.support,EventListenerComparatorTest,testATypedListenerBNormalListener,2,1,0,25
temp,org.apache.shiro.event.support,EventListenerComparatorTest,testANormalBTypedListener,2,1,0,26
temp,org.apache.shiro.event.support,ExceptionThrowingSubscriber,getMetaClass,3,1,0,13
temp,org.apache.shiro.event.support,ExceptionThrowingSubscriber,setMetaClass,2,1,1,14
temp,org.apache.shiro.event.support,ExceptionThrowingSubscriber,onEvent,2,1,1,15
temp,org.apache.shiro.event.support,FooEvent,FooEvent,3,1,1,13
temp,org.apache.shiro.event.support,FooEvent,getMetaClass,3,1,0,17
temp,org.apache.shiro.event.support,FooEvent,setMetaClass,2,1,1,18
temp,org.apache.shiro.event.support,InvalidMethodModifierSubscriber,getMetaClass,3,1,0,13
temp,org.apache.shiro.event.support,InvalidMethodModifierSubscriber,setMetaClass,2,1,1,14
temp,org.apache.shiro.event.support,InvalidMethodModifierSubscriber,onEvent,2,1,1,15
temp,org.apache.shiro.event.support,NotAnnotatedSubscriber,getMetaClass,3,1,0,13
temp,org.apache.shiro.event.support,NotAnnotatedSubscriber,setMetaClass,2,1,1,14
temp,org.apache.shiro.event.support,NotAnnotatedSubscriber,hello,2,1,0,15
temp,org.apache.shiro.event.support,SimpleEvent,getMetaClass,3,1,0,13
temp,org.apache.shiro.event.support,SimpleEvent,setMetaClass,2,1,1,14
temp,org.apache.shiro.event.support,SimpleSubscriber,SimpleSubscriber,2,1,0,13
temp,org.apache.shiro.event.support,SimpleSubscriber,getMetaClass,3,1,0,15
temp,org.apache.shiro.event.support,SimpleSubscriber,setMetaClass,2,1,1,16
temp,org.apache.shiro.event.support,SimpleSubscriber,getCount,3,1,0,17
temp,org.apache.shiro.event.support,SimpleSubscriber,setCount,2,1,1,18
temp,org.apache.shiro.event.support,SimpleSubscriber,onEvent,2,1,1,19
temp,org.apache.shiro.event.support,SingleArgumentMethodEventListenerTest,getMetaClass,3,1,0,14
temp,org.apache.shiro.event.support,SingleArgumentMethodEventListenerTest,setMetaClass,2,1,1,15
temp,org.apache.shiro.event.support,SingleArgumentMethodEventListenerTest,testInvalidConstruction,2,1,0,16
temp,org.apache.shiro.event.support,SingleArgumentMethodEventListenerTest,testValidConstruction,2,1,0,17
temp,org.apache.shiro.event.support,SingleArgumentMethodEventListenerTest,testMethodException,2,1,0,18
temp,org.apache.shiro.event.support,SingleArgumentMethodEventListenerTest,testAccepts,2,1,0,19
temp,org.apache.shiro.event.support,SingleArgumentMethodEventListenerTest,testNonPublicMethodSubscriber,2,1,0,20
temp,org.apache.shiro.event.support,SubclassTestSubscriber,SubclassTestSubscriber,2,1,0,13
temp,org.apache.shiro.event.support,SubclassTestSubscriber,getMetaClass,3,1,0,15
temp,org.apache.shiro.event.support,SubclassTestSubscriber,setMetaClass,2,1,1,16
temp,org.apache.shiro.event.support,SubclassTestSubscriber,getBazCount,3,1,0,17
temp,org.apache.shiro.event.support,SubclassTestSubscriber,setBazCount,2,1,1,18
temp,org.apache.shiro.event.support,SubclassTestSubscriber,onEvent,2,1,1,19
temp,org.apache.shiro.event.support,SubclassTestSubscriber,onEvent,2,1,1,20
temp,org.apache.shiro.event.support,SubclassTestSubscriber,getCount,3,1,0,21
temp,org.apache.shiro.event.support,TestSubscriber,TestSubscriber,2,1,0,13
temp,org.apache.shiro.event.support,TestSubscriber,getMetaClass,3,1,0,15
temp,org.apache.shiro.event.support,TestSubscriber,setMetaClass,2,1,1,16
temp,org.apache.shiro.event.support,TestSubscriber,getFooCount,3,1,0,17
temp,org.apache.shiro.event.support,TestSubscriber,setFooCount,2,1,1,18
temp,org.apache.shiro.event.support,TestSubscriber,getBarCount,3,1,0,19
temp,org.apache.shiro.event.support,TestSubscriber,setBarCount,2,1,1,20
temp,org.apache.shiro.event.support,TestSubscriber,getLastEvent,3,1,0,21
temp,org.apache.shiro.event.support,TestSubscriber,setLastEvent,2,1,1,22
temp,org.apache.shiro.event.support,TestSubscriber,onFooEvent,2,1,1,23
temp,org.apache.shiro.event.support,TestSubscriber,onBarEvent,2,1,1,24
temp,org.apache.shiro.event.support,TestSubscriber,getCount,3,1,0,25
temp,org.apache.shiro.hazelcast.cache,HazelcastCacheManagerTest,getMetaClass,3,1,0,15
temp,org.apache.shiro.hazelcast.cache,HazelcastCacheManagerTest,setMetaClass,2,1,1,16
temp,org.apache.shiro.hazelcast.cache,HazelcastCacheManagerTest,setUpLogging,2,1,0,17
temp,org.apache.shiro.hazelcast.cache,HazelcastCacheManagerTest,testGetSetHazelcastInstance,2,1,0,18
temp,org.apache.shiro.hazelcast.cache,HazelcastCacheManagerTest,testCustomConfig,2,1,0,19
temp,org.apache.shiro.hazelcast.cache,HazelcastCacheManagerTest,testImplicitlyCreated,2,1,0,20
temp,org.apache.shiro.hazelcast.cache,HazelcastCacheManagerTest,testDestroy,2,1,0,21
temp,org.apache.shiro.hazelcast.cache,HazelcastCacheManagerTest,testDestroyExplicit,2,1,0,22
temp,org.apache.shiro.hazelcast.cache,HazelcastCacheManagerTest,testUncleanShutdown,2,1,0,23
temp,org.apache.shiro.web.jaxrs,ShiroSecurityContextTest,getMetaClass,3,1,0,15
temp,org.apache.shiro.web.jaxrs,ShiroSecurityContextTest,setMetaClass,2,1,1,16
temp,org.apache.shiro.web.jaxrs,ShiroSecurityContextTest,testIsSecure,2,1,0,17
temp,org.apache.shiro.web.jaxrs,ShiroSecurityContextTest,testGetAuthenticationScheme,2,1,0,18
temp,org.apache.shiro.web.jaxrs,ShiroSecurityContextTest,testGetUserPrincipalWithString,2,1,0,19
temp,org.apache.shiro.web.jaxrs,ShiroSecurityContextTest,testGetUserPrincipalNoPrincipal,2,1,0,20
temp,org.apache.shiro.web.jaxrs,ShiroSecurityContextTest,testGetUserPrincipalPrincipalObject,2,1,0,21
temp,org.apache.shiro.web.jaxrs,ShiroSecurityContextTest,testUserInRoleTrue,2,1,0,22
temp,org.apache.shiro.web.jaxrs,ShiroSecurityContextTest,testUserInRoleFalse,2,1,0,23
temp,org.apache.shiro.web.jaxrs,ShiroSecurityContextTest,testPrincipalEquals,2,1,0,24
temp,org.apache.shiro.web.jaxrs,ShiroSecurityContextTest,cleanUp,2,1,0,25
temp,org.apache.shiro.web.jaxrs,ShiroSecurityContextTest,TestPrincipal,2,1,1,30
temp,org.apache.shiro.web.jaxrs,ShiroSecurityContextTest,getMetaClass,3,1,0,32
temp,org.apache.shiro.web.jaxrs,ShiroSecurityContextTest,setMetaClass,2,1,1,33
temp,org.apache.shiro.web.jaxrs,ShiroSecurityContextTest,getName,3,1,0,34
temp,org.apache.shiro.web.jaxrs,TestPrincipal,TestPrincipal,2,1,1,30
temp,org.apache.shiro.web.jaxrs,TestPrincipal,getMetaClass,3,1,0,32
temp,org.apache.shiro.web.jaxrs,TestPrincipal,setMetaClass,2,1,1,33
temp,org.apache.shiro.web.jaxrs,TestPrincipal,getName,3,1,0,34
temp,org.apache.shiro.web.jaxrs,SubjectPrincipalRequestFilterTest,getMetaClass,3,1,0,15
temp,org.apache.shiro.web.jaxrs,SubjectPrincipalRequestFilterTest,setMetaClass,2,1,1,16
temp,org.apache.shiro.web.jaxrs,SubjectPrincipalRequestFilterTest,testWrapContext,2,1,0,17
temp,org.apache.shiro.web.jaxrs,UnauthorizedExceptionExceptionMapperTest,getMetaClass,3,1,0,14
temp,org.apache.shiro.web.jaxrs,UnauthorizedExceptionExceptionMapperTest,setMetaClass,2,1,1,15
temp,org.apache.shiro.web.jaxrs,UnauthorizedExceptionExceptionMapperTest,testUnauthorizedException,2,1,0,16
temp,org.apache.shiro.spring.config,ShiroBeanConfigurationTest,getMetaClass,3,1,0,14
temp,org.apache.shiro.spring.config,ShiroBeanConfigurationTest,setMetaClass,2,1,1,15
temp,org.apache.shiro.spring.config,ShiroBeanConfigurationTest,testBasicUsage,2,1,0,16
temp,org.apache.shiro.spring.config,ShiroConfigurationTest,getMetaClass,3,1,0,16
temp,org.apache.shiro.spring.config,ShiroConfigurationTest,setMetaClass,2,1,1,17
temp,org.apache.shiro.spring.config,ShiroConfigurationTest,testMinimalConfiguration,2,1,0,18
temp,org.apache.shiro.spring.config,ShiroConfigurationWithOptionalComponentsTest,getMetaClass,3,1,0,16
temp,org.apache.shiro.spring.config,ShiroConfigurationWithOptionalComponentsTest,setMetaClass,2,1,1,17
temp,org.apache.shiro.spring.config,ShiroConfigurationWithOptionalComponentsTest,testMinimalConfiguration,2,1,0,18
temp,org.apache.shiro.spring.config,ShiroEventBusAwareBeanPostProcessorTest,getMetaClass,3,1,0,14
temp,org.apache.shiro.spring.config,ShiroEventBusAwareBeanPostProcessorTest,setMetaClass,2,1,1,15
temp,org.apache.shiro.spring.config,ShiroEventBusAwareBeanPostProcessorTest,testPostConstructNonAware,2,1,0,16
temp,org.apache.shiro.spring.config,ShiroEventBusAwareBeanPostProcessorTest,testPostConstructWithEventBusAware,2,1,0,17
temp,org.apache.shiro.spring.config,ShiroWebConfigurationTest,getMetaClass,3,1,0,15
temp,org.apache.shiro.spring.config,ShiroWebConfigurationTest,setMetaClass,2,1,1,16
temp,org.apache.shiro.spring.config,ShiroWebConfigurationTest,testMinimalConfiguration,2,1,0,17
temp,org.apache.shiro.spring.config,ShiroWebFilterConfigurationTest,getMetaClass,3,1,0,17
temp,org.apache.shiro.spring.config,ShiroWebFilterConfigurationTest,setMetaClass,2,1,1,18
temp,org.apache.shiro.spring.config,ShiroWebFilterConfigurationTest,testShiroFilterFactoryBeanContainsSpringFilters,2,1,0,19
temp,org.apache.shiro.spring.config,ShiroWebFilterConfigurationTest,getMetaClass,3,1,0,24
temp,org.apache.shiro.spring.config,ShiroWebFilterConfigurationTest,setMetaClass,2,1,1,25
temp,org.apache.shiro.spring.config,ShiroWebFilterConfigurationTest,testFilter,3,1,0,26
temp,org.apache.shiro.spring.config,ShiroWebFilterConfigurationTest,shiroFilterChainDefinition,3,1,0,27
temp,org.apache.shiro.spring.config,ShiroWebFilterConfigurationTest,getMetaClass,3,1,0,33
temp,org.apache.shiro.spring.config,ShiroWebFilterConfigurationTest,setMetaClass,2,1,1,34
temp,org.apache.shiro.spring.config,ShiroWebFilterConfigurationTest,init,2,1,1,35
temp,org.apache.shiro.spring.config,ShiroWebFilterConfigurationTest,doFilter,2,1,3,36
temp,org.apache.shiro.spring.config,ShiroWebFilterConfigurationTest,destroy,2,1,0,37
temp,org.apache.shiro.spring.config,FilterConfiguration,getMetaClass,3,1,0,24
temp,org.apache.shiro.spring.config,FilterConfiguration,setMetaClass,2,1,1,25
temp,org.apache.shiro.spring.config,FilterConfiguration,testFilter,3,1,0,26
temp,org.apache.shiro.spring.config,FilterConfiguration,shiroFilterChainDefinition,3,1,0,27
temp,org.apache.shiro.spring.config,ExpectedTestFilter,getMetaClass,3,1,0,33
temp,org.apache.shiro.spring.config,ExpectedTestFilter,setMetaClass,2,1,1,34
temp,org.apache.shiro.spring.config,ExpectedTestFilter,init,2,1,1,35
temp,org.apache.shiro.spring.config,ExpectedTestFilter,doFilter,2,1,3,36
temp,org.apache.shiro.spring.config,ExpectedTestFilter,destroy,2,1,0,37
temp,org.apache.shiro.spring.web.config,DefaultShiroFilterChainDefinitionTest,getMetaClass,3,1,0,14
temp,org.apache.shiro.spring.web.config,DefaultShiroFilterChainDefinitionTest,setMetaClass,2,1,1,15
temp,org.apache.shiro.spring.web.config,DefaultShiroFilterChainDefinitionTest,insertOrderTest,2,1,0,16
temp,org.apache.shiro.spring.web.config,ShiroWebConfigurationTest,getMetaClass,3,1,0,16
temp,org.apache.shiro.spring.web.config,ShiroWebConfigurationTest,setMetaClass,2,1,1,17
temp,org.apache.shiro.spring.web.config,ShiroWebConfigurationTest,testMinimalConfiguration,2,1,0,18
temp,org.apache.shiro.spring.web.config,ShiroWebConfigurationTest,fakeCookie,2,1,0,19
temp,org.apache.shiro.spring.web.config,ShiroWebConfigurationTest,testSameSiteOptionExpression,2,1,0,20
temp,org.apache.shiro.spring.web.config,ShiroWebConfigurationTest,rememberMeCookie,2,1,0,21
temp,org.apache.shiro.spring.web.config,ShiroWebConfigurationTest,sessionCookie,2,1,0,22
temp,org.apache.shiro.spring.web.config,ShiroWebConfigurationTest,sameSiteOption,2,1,0,23
temp,org.apache.shiro.spring.web.config,ShiroWebConfigurationWithCacheTest,getMetaClass,3,1,0,15
temp,org.apache.shiro.spring.web.config,ShiroWebConfigurationWithCacheTest,setMetaClass,2,1,1,16
temp,org.apache.shiro.spring.web.config,ShiroWebConfigurationWithCacheTest,testMinimalConfiguration,2,1,0,17
temp,org.apache.shiro.spring.web,ShiroUrlPathHelperTest,getMetaClass,3,1,0,15
temp,org.apache.shiro.spring.web,ShiroUrlPathHelperTest,setMetaClass,2,1,1,16
temp,org.apache.shiro.spring.web,ShiroUrlPathHelperTest,testGetPathWithinApplication,2,1,0,17
temp,org.apache.shiro.spring.web,ShiroUrlPathHelperTest,testGetPathWithinServletMapping,2,1,0,18
temp,org.apache.shiro.spring.boot.autoconfigure,ShiroSpringAutoConfigurationTest,getMetaClass,3,1,0,14
temp,org.apache.shiro.spring.boot.autoconfigure,ShiroSpringAutoConfigurationTest,setMetaClass,2,1,1,15
temp,org.apache.shiro.spring.boot.autoconfigure,ShiroSpringAutoConfigurationTest,testMinimalConfiguration,2,1,0,16
temp,org.apache.shiro.spring.boot.autoconfigure,SpringFactoriesTest,getMetaClass,3,1,0,16
temp,org.apache.shiro.spring.boot.autoconfigure,SpringFactoriesTest,setMetaClass,2,1,1,17
temp,org.apache.shiro.spring.boot.autoconfigure,SpringFactoriesTest,springFactoriesConfigContainsNoWhitespace,2,1,0,18
temp,org.apache.shiro.spring.boot.autoconfigure.web,ConfiguredGlobalFiltersTest,getMetaClass,3,1,0,15
temp,org.apache.shiro.spring.boot.autoconfigure.web,ConfiguredGlobalFiltersTest,setMetaClass,2,1,1,16
temp,org.apache.shiro.spring.boot.autoconfigure.web,ConfiguredGlobalFiltersTest,testGlobalFiltersConfigured,2,1,0,17
temp,org.apache.shiro.spring.boot.autoconfigure.web,ConfiguredGlobalFiltersTest,getMetaClass,3,1,0,22
temp,org.apache.shiro.spring.boot.autoconfigure.web,ConfiguredGlobalFiltersTest,setMetaClass,2,1,1,23
temp,org.apache.shiro.spring.boot.autoconfigure.web,ConfiguredGlobalFiltersTest,globalFilters,3,1,0,24
temp,org.apache.shiro.spring.boot.autoconfigure.web,ConfiguredGlobalFiltersTest,shiroFilterFactoryBean,3,1,0,25
temp,org.apache.shiro.spring.boot.autoconfigure.web,Config,getMetaClass,3,1,0,22
temp,org.apache.shiro.spring.boot.autoconfigure.web,Config,setMetaClass,2,1,1,23
temp,org.apache.shiro.spring.boot.autoconfigure.web,Config,globalFilters,3,1,0,24
temp,org.apache.shiro.spring.boot.autoconfigure.web,Config,shiroFilterFactoryBean,3,1,0,25
temp,org.apache.shiro.spring.boot.autoconfigure.web,DisabledGlobalFiltersTest,getMetaClass,3,1,0,17
temp,org.apache.shiro.spring.boot.autoconfigure.web,DisabledGlobalFiltersTest,setMetaClass,2,1,1,18
temp,org.apache.shiro.spring.boot.autoconfigure.web,DisabledGlobalFiltersTest,testGlobalFiltersDisabled,2,1,0,19
temp,org.apache.shiro.spring.boot.autoconfigure.web,DisabledGlobalFiltersTest,getMetaClass,3,1,0,24
temp,org.apache.shiro.spring.boot.autoconfigure.web,DisabledGlobalFiltersTest,setMetaClass,2,1,1,25
temp,org.apache.shiro.spring.boot.autoconfigure.web,DisabledGlobalFiltersTest,globalFilters,3,1,0,26
temp,org.apache.shiro.spring.boot.autoconfigure.web,Config,getMetaClass,3,1,0,24
temp,org.apache.shiro.spring.boot.autoconfigure.web,Config,setMetaClass,2,1,1,25
temp,org.apache.shiro.spring.boot.autoconfigure.web,Config,globalFilters,3,1,0,26
temp,org.apache.shiro.spring.boot.autoconfigure.web,ShiroWebSpringAutoConfigurationTest,getMetaClass,3,1,0,18
temp,org.apache.shiro.spring.boot.autoconfigure.web,ShiroWebSpringAutoConfigurationTest,setMetaClass,2,1,1,19
temp,org.apache.shiro.spring.boot.autoconfigure.web,ShiroWebSpringAutoConfigurationTest,testMinimalConfiguration,2,1,0,20
temp,org.apache.shiro.web.config,IniFilterChainResolverFactoryTest,getMetaClass,3,1,0,16
temp,org.apache.shiro.web.config,IniFilterChainResolverFactoryTest,setMetaClass,2,1,1,17
temp,org.apache.shiro.web.config,IniFilterChainResolverFactoryTest,createNiceMockFilterConfig,3,1,0,18
temp,org.apache.shiro.web.config,IniFilterChainResolverFactoryTest,setUp,2,1,0,19
temp,org.apache.shiro.web.config,IniFilterChainResolverFactoryTest,testNewInstance,2,1,0,20
temp,org.apache.shiro.web.config,IniFilterChainResolverFactoryTest,testGetInstanceNoIni,2,1,0,21
temp,org.apache.shiro.web.config,IniFilterChainResolverFactoryTest,testNewInstanceWithIni,2,1,0,22
temp,org.apache.shiro.web.config,IniFilterChainResolverFactoryTest,testGetFiltersWithNullOrEmptySection,2,1,0,23
temp,org.apache.shiro.web.config,IniFilterChainResolverFactoryTest,testCreateChainsWithNullUrlsSection,2,1,0,24
temp,org.apache.shiro.web.config,IniFilterChainResolverFactoryTest,testNewInstanceWithNonFilter,2,1,0,25
temp,org.apache.shiro.web.config,IniFilterChainResolverFactoryTest,testNewInstanceWithFilterConfig,2,1,0,26
temp,org.apache.shiro.web.config,IniFilterChainResolverFactoryTest,testGetFilters,2,1,0,27
temp,org.apache.shiro.web.config,IniFilterChainResolverFactoryTest,testGetFiltersWithoutSectionWithDefaults,2,1,0,28
temp,org.apache.shiro.web.config,IniFilterChainResolverFactoryTest,testGetFiltersWithSectionWithoutDefaults,2,1,0,29
temp,org.apache.shiro.web.config,IniFilterChainResolverFactoryTest,testGetFiltersWithSectionAndDefaults,2,1,0,30
temp,org.apache.shiro.web.config,IniFilterChainResolverFactoryTest,testConfigureInvalidRequestFilter,2,1,0,31
temp,org.apache.shiro.web.env,EnvironmentLoaderTest,getMetaClass,3,1,0,15
temp,org.apache.shiro.web.env,EnvironmentLoaderTest,setMetaClass,2,1,1,16
temp,org.apache.shiro.web.env,EnvironmentLoaderTest,testCustomizeAndFinalizeEnvironment,2,1,0,17
temp,org.apache.shiro.web.env,IniWebEnvironmentTest,getMetaClass,3,1,0,15
temp,org.apache.shiro.web.env,IniWebEnvironmentTest,setMetaClass,2,1,1,16
temp,org.apache.shiro.web.env,IniWebEnvironmentTest,testObjectsAfterSecurityManagerCreation,2,1,0,17
temp,org.apache.shiro.web.env,IniWebEnvironmentTest,testFrameworkConfigAdded,2,1,0,18
temp,org.apache.shiro.web.env,IniWebEnvironmentTest,testDisableGlobalFilters,2,1,0,19
temp,org.apache.shiro.web.env,IniWebEnvironmentTest,testDefaultGlobalFilters,2,1,0,20
temp,org.apache.shiro.web.env,IniWebEnvironmentTest,testCustomGlobalFilters,2,1,0,21
temp,org.apache.shiro.web.env,MockWebEnvironment,getMetaClass,3,1,0,13
temp,org.apache.shiro.web.env,MockWebEnvironment,setMetaClass,2,1,1,14
temp,org.apache.shiro.web.env,MockWebEnvironment,setFilterChainResolver,2,1,1,15
temp,org.apache.shiro.web.env,MockWebEnvironment,setServletContext,2,1,1,16
temp,org.apache.shiro.web.env,MockWebEnvironment,setWebSecurityManager,2,1,1,17
temp,org.apache.shiro.web.env,MockWebEnvironment,getFilterChainResolver,3,1,0,18
temp,org.apache.shiro.web.env,MockWebEnvironment,getServletContext,3,1,0,19
temp,org.apache.shiro.web.env,MockWebEnvironment,getWebSecurityManager,3,1,0,20
temp,org.apache.shiro.web.env,MockWebEnvironment,getSecurityManager,3,1,0,21
temp,org.apache.shiro.web.filter.authc,BearerHttpFilterAuthenticationTest,mockRequest,3,1,2,15
temp,org.apache.shiro.web.filter.authc,BearerHttpFilterAuthenticationTest,mockRequest,3,1,1,16
temp,org.apache.shiro.web.filter.authc,BearerHttpFilterAuthenticationTest,getMetaClass,3,1,0,17
temp,org.apache.shiro.web.filter.authc,BearerHttpFilterAuthenticationTest,setMetaClass,2,1,1,18
temp,org.apache.shiro.web.filter.authc,BearerHttpFilterAuthenticationTest,createTokenNoAuthorizationHeader,2,1,0,19
temp,org.apache.shiro.web.filter.authc,BearerHttpFilterAuthenticationTest,createTokenNoValue,2,1,0,20
temp,org.apache.shiro.web.filter.authc,BearerHttpFilterAuthenticationTest,createTokenWithValue,2,1,0,21
temp,org.apache.shiro.web.filter.authc,BearerHttpFilterAuthenticationTest,createTokenJustSpaces,2,1,0,22
temp,org.apache.shiro.web.filter.authc,BearerHttpFilterAuthenticationTest,httpMethodDoesNotRequireAuthentication,2,1,0,23
temp,org.apache.shiro.web.filter.authc,BearerHttpFilterAuthenticationTest,httpMethodRequiresAuthentication,2,1,0,24
temp,org.apache.shiro.web.filter.authc,BearerHttpFilterAuthenticationTest,permissiveEnabledWithLoginTest,2,1,0,25
temp,org.apache.shiro.web.filter.authc,BearerHttpFilterAuthenticationTest,permissiveEnabledTest,2,1,0,26
temp,org.apache.shiro.web.filter.authc,BearerHttpFilterAuthenticationTest,httpMethodRequiresAuthenticationWithPermissive,2,1,0,27
temp,org.apache.shiro.web.filter.authc,BearerHttpFilterAuthenticationTest,mockRequest,3,1,0,28
temp,org.apache.shiro.web.filter.authc,BearerHttpFilterAuthenticationTest,mockRequest,3,1,3,29
temp,org.apache.shiro.web.filter.authc,BearerHttpFilterAuthenticationTest,mockResponse,3,1,0,30
temp,org.apache.shiro.web.filter.authc,LogoutFilterTest,getMetaClass,3,1,0,15
temp,org.apache.shiro.web.filter.authc,LogoutFilterTest,setMetaClass,2,1,1,16
temp,org.apache.shiro.web.filter.authc,LogoutFilterTest,testLogoutViaGetMethod,2,1,0,17
temp,org.apache.shiro.web.filter.authc,LogoutFilterTest,testLogoutViaGetMethodWhenPostOnlyEnabled,2,1,0,18
temp,org.apache.shiro.web.filter.authc,LogoutFilterTest,testLogoutViaPostMethodWhenPostOnlyEnabled,2,1,0,19
temp,org.apache.shiro.web.filter,InvalidRequestFilterTest,assertPathBlocked,2,1,3,17
temp,org.apache.shiro.web.filter,InvalidRequestFilterTest,assertPathBlocked,2,1,2,18
temp,org.apache.shiro.web.filter,InvalidRequestFilterTest,assertPathAllowed,2,1,3,19
temp,org.apache.shiro.web.filter,InvalidRequestFilterTest,assertPathAllowed,2,1,2,20
temp,org.apache.shiro.web.filter,InvalidRequestFilterTest,getMetaClass,3,1,0,21
temp,org.apache.shiro.web.filter,InvalidRequestFilterTest,setMetaClass,2,1,1,22
temp,org.apache.shiro.web.filter,InvalidRequestFilterTest,defaultConfig,2,1,0,23
temp,org.apache.shiro.web.filter,InvalidRequestFilterTest,systemPropertyAllowBackslash,2,1,0,24
temp,org.apache.shiro.web.filter,InvalidRequestFilterTest,testFilterBlocks,2,1,0,25
temp,org.apache.shiro.web.filter,InvalidRequestFilterTest,testFilterAllowsBackslash,2,1,0,26
temp,org.apache.shiro.web.filter,InvalidRequestFilterTest,testFilterAllowsNonAscii,2,1,0,27
temp,org.apache.shiro.web.filter,InvalidRequestFilterTest,testFilterAllowsSemicolon,2,1,0,28
temp,org.apache.shiro.web.filter,InvalidRequestFilterTest,assertPathBlocked,2,1,4,29
temp,org.apache.shiro.web.filter,InvalidRequestFilterTest,assertPathAllowed,2,1,4,30
temp,org.apache.shiro.web.filter,InvalidRequestFilterTest,mockRequest,3,1,3,31
temp,org.apache.shiro.web.filter.mgt,DefaultFilterChainManagerTest,getMetaClass,3,1,0,16
temp,org.apache.shiro.web.filter.mgt,DefaultFilterChainManagerTest,setMetaClass,2,1,1,17
temp,org.apache.shiro.web.filter.mgt,DefaultFilterChainManagerTest,getManager,3,1,0,18
temp,org.apache.shiro.web.filter.mgt,DefaultFilterChainManagerTest,setManager,2,1,1,19
temp,org.apache.shiro.web.filter.mgt,DefaultFilterChainManagerTest,setUp,2,1,0,20
temp,org.apache.shiro.web.filter.mgt,DefaultFilterChainManagerTest,testToNameConfigPairNoBrackets,2,1,0,21
temp,org.apache.shiro.web.filter.mgt,DefaultFilterChainManagerTest,testToNameConfigPairWithEmptyBrackets,2,1,0,22
temp,org.apache.shiro.web.filter.mgt,DefaultFilterChainManagerTest,testToNameConfigPairWithPopulatedBrackets,2,1,0,23
temp,org.apache.shiro.web.filter.mgt,DefaultFilterChainManagerTest,testToNameConfigPairWithNestedQuotesInBrackets,2,1,0,24
temp,org.apache.shiro.web.filter.mgt,DefaultFilterChainManagerTest,testToNameConfigPairWithIndividualNestedQuotesInBrackets,2,1,0,25
temp,org.apache.shiro.web.filter.mgt,DefaultFilterChainManagerTest,testFilterChainConfigWithNestedCommas,2,1,0,26
temp,org.apache.shiro.web.filter.mgt,DefaultFilterChainManagerTest,testFilterChainConfigWithNestedQuotedCommas,2,1,0,27
temp,org.apache.shiro.web.filter.mgt,DefaultFilterChainManagerTest,testNewInstanceDefaultFilters,2,1,0,28
temp,org.apache.shiro.web.filter.mgt,DefaultFilterChainManagerTest,createNiceMockFilterConfig,3,1,0,29
temp,org.apache.shiro.web.filter.mgt,DefaultFilterChainManagerTest,testNewInstanceWithFilterConfig,2,1,0,30
temp,org.apache.shiro.web.filter.mgt,DefaultFilterChainManagerTest,testCreateChain,2,1,0,31
temp,org.apache.shiro.web.filter.mgt,DefaultFilterChainManagerTest,testWithGlobalFilters,2,1,0,32
temp,org.apache.shiro.web.filter.mgt,DefaultFilterChainManagerTest,addDefaultChainWithSameName,2,1,0,33
temp,org.apache.shiro.web.filter.mgt,DefaultFilterChainManagerTest,testCreateChainWithQuotedInstanceConfig,2,1,0,34
temp,org.apache.shiro.web.filter.mgt,DefaultFilterChainManagerTest,testBeanMethods,2,1,0,35
temp,org.apache.shiro.web.filter.mgt,DefaultFilterChainManagerTest,testAddFilter,2,1,0,36
temp,org.apache.shiro.web.filter.mgt,DefaultFilterChainManagerTest,testAddFilterNoInit,2,1,0,37
temp,org.apache.shiro.web.filter.mgt,DefaultFilterChainManagerTest,testAddFilterNoFilterConfig,2,1,0,38
temp,org.apache.shiro.web.filter.mgt,DefaultFilterChainManagerTest,testAddToChain,2,1,0,39
temp,org.apache.shiro.web.filter.mgt,DefaultFilterChainManagerTest,testAddToChainNotPathProcessor,2,1,0,40
temp,org.apache.shiro.web.filter.mgt,DefaultFilterChainManagerTest,testProxy,2,1,0,41
temp,org.apache.shiro.web.filter.mgt,DefaultFilterChainManagerTest,testProxyNoChain,2,1,0,42
temp,org.apache.shiro.web.filter.session,NoSessionCreationFilterTest,getMetaClass,3,1,0,15
temp,org.apache.shiro.web.filter.session,NoSessionCreationFilterTest,setMetaClass,2,1,1,16
temp,org.apache.shiro.web.filter.session,NoSessionCreationFilterTest,testDefault,2,1,0,17
temp,org.apache.shiro.web.mgt,DefaultWebSessionStorageEvaluatorTest,getMetaClass,3,1,0,15
temp,org.apache.shiro.web.mgt,DefaultWebSessionStorageEvaluatorTest,setMetaClass,2,1,1,16
temp,org.apache.shiro.web.mgt,DefaultWebSessionStorageEvaluatorTest,testWithSession,2,1,0,17
temp,org.apache.shiro.web.mgt,DefaultWebSessionStorageEvaluatorTest,testWithoutSessionAndNonWebSubject,2,1,0,18
temp,org.apache.shiro.web.mgt,DefaultWebSessionStorageEvaluatorTest,testWithoutSessionAndGenerallyDisabled,2,1,0,19
temp,org.apache.shiro.web.mgt,DefaultWebSessionStorageEvaluatorTest,testWebSubjectWithoutSessionAndGenerallyEnabled,2,1,0,20
temp,org.apache.shiro.web.mgt,DefaultWebSessionStorageEvaluatorTest,testWebSubjectWithoutSessionAndGenerallyEnabledButRequestDisabled,2,1,0,21
temp,org.apache.shiro.web.mgt,DefaultWebSessionStorageEvaluatorTest,testWebSubjectWithoutSessionAndGenerallyEnabledWithNonBooleanRequestAttribute,2,1,0,22
temp,org.apache.shiro.web.servlet,AbstractShiroFilterTest,getMetaClass,3,1,0,15
temp,org.apache.shiro.web.servlet,AbstractShiroFilterTest,setMetaClass,2,1,1,16
temp,org.apache.shiro.web.servlet,AbstractShiroFilterTest,testInit,2,1,0,17
temp,org.apache.shiro.web.servlet,AbstractShiroFilterTest,testInitWithStaticReference,2,1,0,18
temp,org.apache.shiro.web.servlet,IniShiroFilterTest,getMetaClass,3,1,0,15
temp,org.apache.shiro.web.servlet,IniShiroFilterTest,setMetaClass,2,1,1,16
temp,org.apache.shiro.web.servlet,IniShiroFilterTest,testDefaultWebInfConfig,2,1,0,17
temp,org.apache.shiro.web.servlet,IniShiroFilterTest,testResourceConfig,2,1,0,18
temp,org.apache.shiro.web.servlet,IniShiroFilterTest,testResourceConfigWithoutResource,2,1,0,19
temp,org.apache.shiro.web.servlet,IniShiroFilterTest,testDefaultClasspathConfig,2,1,0,20
temp,org.apache.shiro.web.servlet,IniShiroFilterTest,testSimpleConfig,2,1,0,21
temp,org.apache.shiro.web.servlet,ShiroFilterTest,getMetaClass,3,1,0,15
temp,org.apache.shiro.web.servlet,ShiroFilterTest,setMetaClass,2,1,1,16
temp,org.apache.shiro.web.servlet,ShiroFilterTest,testInit,2,1,0,17
temp,org.apache.shiro.web.servlet,ShiroHttpServletResponseTest,getMetaClass,3,1,0,15
temp,org.apache.shiro.web.servlet,ShiroHttpServletResponseTest,setMetaClass,2,1,1,16
temp,org.apache.shiro.web.servlet,ShiroHttpServletResponseTest,testEncodeURLNoSessionId,2,1,0,17
temp,org.apache.shiro.web.servlet,ShiroHttpServletResponseTest,testEncodeURLSessionIdInURL,2,1,0,18
temp,org.apache.shiro.web.servlet,ShiroHttpServletResponseTest,testEncodeURLSessionIdInCookie,2,1,0,19
temp,org.apache.shiro.web.servlet,ShiroHttpServletResponseTest,testEncodeURLSessionIdInWhenRewriteDisabled,2,1,0,20
temp,org.apache.shiro.web.servlet,ShiroHttpServletResponseTest,testEncodeURLSessionIdInWhenRewriteInvalid,2,1,0,21
temp,org.apache.shiro.web.servlet,ShiroHttpServletResponseTest,testEncodeURLSessionIdInWhenRewriteInvalidAndNull,2,1,0,22
temp,org.apache.shiro.web.session.mgt,DefaultWebSessionManagerTest,getMetaClass,3,1,0,16
temp,org.apache.shiro.web.session.mgt,DefaultWebSessionManagerTest,setMetaClass,2,1,1,17
temp,org.apache.shiro.web.session.mgt,DefaultWebSessionManagerTest,getMgr,3,1,0,18
temp,org.apache.shiro.web.session.mgt,DefaultWebSessionManagerTest,setMgr,2,1,1,19
temp,org.apache.shiro.web.session.mgt,DefaultWebSessionManagerTest,setUp,2,1,0,20
temp,org.apache.shiro.web.session.mgt,DefaultWebSessionManagerTest,clearThread,2,1,0,21
temp,org.apache.shiro.web.session.mgt,DefaultWebSessionManagerTest,testOnStart,2,1,0,22
temp,org.apache.shiro.web.session.mgt,DefaultWebSessionManagerTest,testOnStartWithSessionIdCookieDisabled,2,1,0,23
temp,org.apache.shiro.web.session.mgt,DefaultWebSessionManagerTest,testGetSessionIdWithSessionIdCookieEnabled,2,1,0,24
temp,org.apache.shiro.web.session.mgt,DefaultWebSessionManagerTest,testGetSessionIdWithSessionIdCookieDisabled,2,1,0,25
temp,org.apache.shiro.web.session.mgt,DefaultWebSessionManagerTest,testGetSessionIdWithSessionIdCookieDisabledAndLowercaseRequestParam,2,1,0,26
temp,org.apache.shiro.web.session.mgt,DefaultWebSessionManagerTest,testGetSessionIdFromRequestUriPathSegmentParam,2,1,0,27
temp,org.apache.shiro.web.session.mgt,DefaultWebSessionManagerTest,testSessionIDRequestPathParameterWithNonHttpRequest,2,1,0,28
temp,org.apache.shiro.web.session.mgt,DefaultWebSessionManagerTest,testSessionIDRequestPathParameterWithoutARequestURI,2,1,0,29
temp,org.apache.shiro.web.session.mgt,DefaultWebSessionManagerTest,testSessionIDRequestPathParameterWithoutPathParameters,2,1,0,30
temp,org.apache.shiro.web.session.mgt,DefaultWebSessionManagerTest,testSessionIDRequestPathParameterWithoutJSESSIONID,2,1,0,31
temp,org.apache.shiro.web.session.mgt,DefaultWebSessionManagerTest,testSessionIDRequestPathParameter,2,1,0,32
temp,org.apache.shiro.web.session.mgt,ServletContainerSessionManagerTest,getMetaClass,3,1,0,15
temp,org.apache.shiro.web.session.mgt,ServletContainerSessionManagerTest,setMetaClass,2,1,1,16
temp,org.apache.shiro.web.session.mgt,ServletContainerSessionManagerTest,testStartWithNonWebSessionContext,2,1,0,17
temp,org.apache.shiro.web.session.mgt,ServletContainerSessionManagerTest,testStartWithContextHostValue,2,1,0,18
temp,org.apache.shiro.web.session.mgt,ServletContainerSessionManagerTest,testStartWithoutContextHostValue,2,1,0,19
temp,org.apache.shiro.web.session.mgt,ServletContainerSessionManagerTest,testGetSessionWithNonWebSessionKey,2,1,0,20
temp,org.apache.shiro.web.session.mgt,ServletContainerSessionManagerTest,testGetSessionWithExistingRequestSession,2,1,0,21
temp,org.apache.shiro.web.session.mgt,ServletContainerSessionManagerTest,testGetSessionWithoutExistingRequestSession,2,1,0,22
temp,org.apache.shiro.web.util,WebUtilsTest,getMetaClass,3,1,0,16
temp,org.apache.shiro.web.util,WebUtilsTest,setMetaClass,2,1,1,17
temp,org.apache.shiro.web.util,WebUtilsTest,testGetContextPathIncludes,2,1,0,18
temp,org.apache.shiro.web.util,WebUtilsTest,testGetContextPath,2,1,0,19
temp,org.apache.shiro.web.util,WebUtilsTest,testGetRequestUriWithServlet,2,1,0,20
temp,org.apache.shiro.web.util,WebUtilsTest,testGetPathWithinApplication,2,1,0,21
temp,org.apache.shiro.web.util,WebUtilsTest,testGetRequestURI,2,1,0,22
temp,org.apache.shiro.web.util,WebUtilsTest,testNormalize,2,1,0,23
temp,org.apache.shiro.web.util,WebUtilsTest,testNormalize_allowBackslashes,2,1,0,24
temp,org.apache.shiro.web.util,WebUtilsTest,doNormalizeTest,2,1,2,25
temp,org.apache.shiro.web.util,WebUtilsTest,doTestGetPathWithinApplication,2,1,3,26
temp,org.apache.shiro.web.util,WebUtilsTest,doTestGetRequestURI,2,1,2,27
temp,org.apache.shiro.web.util,WebUtilsTest,dotTestGetPathWithinApplicationFromRequest,2,1,3,28
